article_id,start_position,end_position,entity_text,entity_type
0,256,258,med_exam,25
0,273,274,name,李
0,294,295,med_exam,一
0,305,306,med_exam,一
0,312,313,med_exam,一
0,320,322,med_exam,25
0,326,328,med_exam,25
0,332,333,med_exam,一
0,400,403,time,11點
0,409,411,time,4點
0,424,427,time,一小時
0,615,618,time,11點
0,644,647,time,這兩天
0,817,819,time,晚上
0,1168,1172,med_exam,7月21
0,1571,1574,med_exam,10多
0,1594,1596,ORDINAL,第一
0,1636,1638,ORDINAL,第二
0,1669,1670,med_exam,兩
0,1679,1680,med_exam,兩
0,1687,1688,med_exam,兩
0,1690,1692,ORDINAL,第一
0,1697,1699,ORDINAL,第二
0,1707,1709,ORDINAL,第二
0,1734,1736,ORDINAL,第一
0,1770,1772,ORDINAL,第二
0,1781,1783,ORDINAL,第二
0,1799,1801,ORDINAL,第一
0,1809,1812,med_exam,10多
0,2009,2010,med_exam,一
0,2017,2019,ORDINAL,第二
0,2037,2039,time,那天
0,2090,2092,ORDINAL,第二
0,2200,2203,time,13號
0,2205,2207,ORDINAL,第一
0,2214,2217,time,15天
0,2226,2228,time,3天
0,2245,2247,time,三天
0,2259,2263,time,一個禮拜
0,2319,2322,time,禮拜一
0,2332,2335,time,禮拜一
0,2372,2375,time,前幾天
0,2448,2451,time,這兩天
0,2555,2558,location,皇后區
0,2624,2628,time,下下禮拜
0,2631,2632,med_exam,一
0,2735,2740,location,布魯克林區
0,2752,2755,location,皇后區
0,2760,2763,location,皇后區
0,2767,2770,location,皇后區
0,2774,2777,location,皇后區
0,2807,2810,time,下禮拜
0,2859,2862,time,1小時
0,2944,2945,med_exam,一
0,2955,2956,med_exam,一
0,2983,2984,med_exam,兩
0,3029,3031,time,昨天
0,3067,3070,time,下禮拜
0,3072,3073,med_exam,一
0,3286,3287,med_exam,三
0,3306,3307,med_exam,3
0,3312,3313,med_exam,兩
0,3340,3343,time,下禮拜
1,59,62,med_exam,108
1,66,69,med_exam,108
1,363,364,med_exam,三
1,386,387,med_exam,一
1,392,393,med_exam,一
1,396,397,med_exam,一
1,406,407,med_exam,三
1,457,459,time,五月
2,22,23,location,阿
2,27,32,time,8月17號
2,41,45,time,上個禮拜
2,53,56,med_exam,110
2,85,88,location,110
2,111,114,med_exam,6.0
2,253,256,med_exam,126
2,279,282,time,2年前
2,496,498,location,泰國
2,563,566,location,光華路
2,571,574,location,光華路
2,840,842,name,阿都
2,980,982,time,兩天
2,983,984,med_exam,一
2,1096,1098,time,半年
2,1100,1101,med_exam,一
2,1114,1116,time,半年
2,1118,1120,time,半年
2,1121,1122,med_exam,一
2,1147,1150,time,三個月
2,1151,1152,med_exam,一
2,1227,1231,time,兩個禮拜
2,1233,1234,med_exam,一
3,153,155,time,半夜
3,157,159,time,晚上
3,179,181,time,晚上
3,183,186,time,7點多
3,187,190,time,8點多
3,233,236,time,9點多
3,240,243,time,10點
3,250,255,time,6月15號
3,256,259,time,16號
3,265,268,time,16號
3,272,274,med_exam,14
3,275,277,med_exam,15
3,278,281,time,16號
3,302,306,time,1個禮拜
3,576,580,time,6月4號
3,592,594,time,前年
3,609,611,time,一年
3,679,680,med_exam,一
3,891,896,time,一個多小時
3,904,908,time,一個小時
3,913,917,time,50分鐘
3,981,985,time,一個小時
3,1433,1434,med_exam,1
3,1445,1446,med_exam,2
3,1447,1448,med_exam,4
3,1449,1450,med_exam,6
3,1458,1459,med_exam,2
3,1460,1461,med_exam,4
3,1462,1463,med_exam,6
3,1474,1475,med_exam,2
3,1478,1479,med_exam,6
3,1491,1492,med_exam,1
3,1495,1496,med_exam,5
3,1873,1877,time,4、5月
3,1882,1884,time,去年
3,1890,1894,time,108年
3,1899,1903,time,106年
3,1910,1914,time,106年
3,1921,1925,time,4、5月
3,1929,1931,time,四月
3,1932,1934,time,五月
3,2021,2025,time,4、5月
3,2033,2036,time,8月份
3,2041,2043,time,8月
3,2046,2048,time,8月
3,2102,2104,time,5年
3,2105,2109,time,5年以內
3,2178,2183,time,八月23日
3,2195,2200,time,八月23日
3,2204,2207,time,八月份
3,2219,2225,time,6、7、8月
3,2230,2233,time,八月份
3,2250,2254,time,106年
3,2752,2754,time,今天
3,3077,3079,time,半天
3,3081,3087,time,1、2個小時
3,3093,3097,time,1個小時
3,3101,3107,time,1、2個小時
3,3108,3114,time,1、2個小時
3,3128,3130,time,今天
3,3131,3133,time,明天
4,7,12,time,6月14號
4,18,20,med_exam,14
4,24,26,med_exam,13
4,28,30,med_exam,14
4,38,40,med_exam,14
4,42,44,med_exam,13
4,45,47,med_exam,14
4,146,148,time,昨天
4,187,188,name,林
4,338,343,time,前一個禮拜
4,354,358,time,上個禮拜
4,388,392,time,一個禮拜
4,615,617,time,今天
4,666,668,time,昨天
4,684,690,time,60多70多
4,726,728,time,晚上
4,731,732,name,林
4,770,771,med_exam,兩
4,791,792,med_exam,兩
4,806,807,name,林
4,815,816,name,林
4,838,840,time,昨天
4,844,845,name,林
4,872,877,time,6月24號
4,880,881,name,林
4,995,996,med_exam,兩
4,1051,1052,name,呂
4,1134,1137,time,前幾天
4,1295,1296,med_exam,一
4,1535,1537,time,晚上
4,1606,1607,name,林
4,1620,1621,name,林
4,1665,1666,name,林
4,1692,1693,name,張
4,1704,1706,time,昨天
4,1724,1727,name,巫大維
4,1776,1777,med_exam,兩
4,1811,1812,name,林
4,1845,1846,med_exam,一
4,1960,1963,time,三個月
4,1967,1970,time,三個月
4,1974,1977,time,三個月
4,1979,1982,time,三個月
4,1988,1991,time,三個月
4,2002,2004,time,一天
5,81,82,med_exam,1
5,83,85,time,今天
5,111,112,med_exam,1
5,144,145,med_exam,2
5,151,152,med_exam,1
5,170,173,time,這幾天
5,296,297,med_exam,兩
5,304,305,med_exam,1
5,323,324,med_exam,1
5,326,327,med_exam,三
5,328,329,med_exam,三
5,330,331,med_exam,三
5,337,338,med_exam,三
5,360,361,med_exam,1
5,362,363,med_exam,三
5,384,385,med_exam,1
5,392,393,med_exam,一
5,411,412,med_exam,1
5,439,440,med_exam,1
5,449,450,med_exam,4
5,455,456,med_exam,4
5,472,473,med_exam,1
5,494,495,med_exam,4
5,499,500,med_exam,1
5,502,503,med_exam,4
5,536,537,med_exam,1
5,553,554,med_exam,1
5,591,592,med_exam,1
5,861,866,QUANTITY,1．6公分
5,928,930,time,一天
5,968,970,time,2點
5,1028,1030,time,今天
5,1045,1046,med_exam,1
5,1047,1049,time,昨天
5,1049,1051,time,晚上
5,1203,1204,med_exam,1
5,1230,1231,med_exam,1
5,1268,1269,med_exam,1
5,1295,1296,med_exam,1
5,1325,1326,med_exam,1
5,1454,1455,med_exam,1
5,1461,1462,med_exam,三
5,1477,1478,med_exam,三
5,1525,1526,med_exam,一
5,1581,1582,med_exam,1
5,1644,1645,med_exam,1
5,1700,1701,med_exam,1
5,1713,1714,med_exam,3
5,1760,1761,med_exam,三
5,1801,1804,time,這幾天
5,1876,1880,time,一個禮拜
5,1886,1889,time,禮拜三
5,1893,1896,time,禮拜三
5,1907,1908,med_exam,1
5,1919,1921,time,上午
5,1922,1925,time,禮拜三
5,1927,1929,time,上午
5,1938,1939,med_exam,1
5,1952,1953,med_exam,1
5,1976,1977,med_exam,1
5,2204,2205,med_exam,1
5,2226,2227,med_exam,1
5,2279,2280,med_exam,1
5,2326,2328,location,基隆
5,2381,2383,location,基隆
5,2435,2436,med_exam,三
5,2437,2441,time,6月6號
5,2452,2454,time,一天
5,2476,2477,med_exam,兩
5,2603,2604,med_exam,1
5,2620,2621,med_exam,1
5,2648,2651,time,這幾天
5,2652,2654,time,幾天
5,2695,2696,med_exam,兩
5,2721,2722,med_exam,1
5,2725,2726,med_exam,7
5,2728,2729,med_exam,7
5,2743,2744,med_exam,1
5,2781,2782,med_exam,1
5,2810,2811,med_exam,1
6,28,32,time,上個禮拜
6,86,88,time,前年
6,158,162,time,今年5月
6,376,380,time,7月4號
6,707,710,time,一兩天
6,802,805,time,三四天
6,822,825,time,三四天
6,829,832,time,三四天
6,894,899,time,一兩個禮拜
6,989,991,time,昨天
6,994,997,med_exam,418
6,1003,1006,med_exam,418
6,1041,1044,location,418
6,1170,1173,med_exam,343
6,1177,1180,med_exam,343
6,1217,1219,time,今天
6,1227,1229,time,今天
6,1250,1251,name,吳
6,1342,1343,med_exam,一
6,1451,1452,med_exam,兩
6,1454,1456,time,早上
6,1457,1458,med_exam,兩
6,1550,1554,time,一個禮拜
6,1625,1627,name,櫻木
7,27,29,med_exam,一半
7,37,39,med_exam,一半
7,81,83,med_exam,一半
7,108,109,name,張
7,240,243,med_exam,132
7,247,250,med_exam,132
7,272,274,med_exam,91
7,278,280,med_exam,91
7,323,325,med_exam,72
7,432,433,name,張
7,630,631,med_exam,二
7,664,666,name,萬幸
7,717,720,med_exam,三百多
7,889,892,time,三個月
7,910,913,time,三個月
7,1038,1041,time,三個月
7,1045,1048,time,三個月
7,1055,1061,time,一個月一個月
8,215,216,name,黃
8,262,263,name,黃
8,484,486,time,晚上
8,533,534,name,黃
8,601,604,time,一個月
8,605,606,med_exam,兩
8,683,689,time,一到兩個禮拜
8,764,765,name,黃
8,932,935,name,王阿明
9,35,37,time,五月
9,94,97,time,一個月
9,314,316,time,9月
9,417,421,QUANTITY,73公斤
9,439,442,med_exam,170
9,446,449,med_exam,170
10,71,73,time,74
10,78,80,med_exam,74
10,162,164,time,禮拜
10,175,178,time,下禮拜
10,181,185,time,下禮拜三
10,221,224,time,一個月
10,241,245,time,兩個禮拜
10,262,266,time,四個禮拜
10,373,375,time,四週
10,401,402,med_exam,一
10,441,443,time,一天
10,472,476,time,四個禮拜
10,491,494,time,禮拜三
10,537,541,time,十月六號
11,3,6,med_exam,120
11,7,9,med_exam,71
11,17,21,med_exam,18.5
11,26,29,time,上禮拜
11,123,125,name,北榮
11,132,133,name,林
11,143,144,name,林
11,154,158,location,紐約醫院
11,174,178,location,紐約醫院
11,187,189,ORDINAL,第一
11,199,202,time,10年
11,210,211,name,林
11,271,275,name,阿美達錠
11,280,284,name,阿美達錠
11,313,314,name,林
11,362,364,name,北榮
11,376,377,name,王
11,417,419,name,北榮
11,445,446,med_exam,一
11,455,456,name,林
11,484,486,time,昨天
11,513,514,name,林
11,592,594,time,兩年
11,664,665,med_exam,兩
11,676,680,ORG,紐約醫院
11,729,732,time,三個月
11,736,738,med_exam,一次
11,763,766,time,四個月
11,827,829,name,邁丁
11,829,830,med_exam,半
11,930,931,name,林
11,1065,1066,med_exam,半
11,1094,1095,name,林
11,1097,1099,time,6月
11,1153,1156,time,兩個月
11,1179,1182,time,兩個月
11,1184,1186,time,前天
11,1196,1198,time,前天
11,1233,1236,time,兩個月
11,1238,1242,time,兩個月後
11,1273,1276,time,兩個月
11,1279,1280,med_exam,一
11,1353,1355,location,紐約
11,1358,1362,ORG,紐約醫院
11,1377,1378,med_exam,兩
11,1389,1390,med_exam,兩
11,1416,1419,time,兩個月
11,1436,1438,time,兩天
11,1470,1472,location,紐約
11,1636,1638,time,後年
11,1647,1649,time,兩年
11,1653,1655,time,後年
11,1662,1664,time,後年
11,1784,1786,name,北榮
11,1806,1808,name,北榮
11,1869,1870,name,林
11,1888,1890,time,去年
11,2014,2016,time,今年
11,2029,2030,name,林
11,2137,2140,time,4個月
11,2144,2147,time,4個月
11,2148,2154,time,10月17號
11,2236,2239,name,川鋒流
11,2245,2247,location,荷蘭
11,2303,2305,time,一年
11,2334,2336,time,一年
11,2347,2348,name,巫
12,214,219,time,3點多4點
12,342,345,med_exam,129
12,349,352,med_exam,129
12,353,355,med_exam,81
12,360,363,med_exam,129
12,364,366,med_exam,81
12,407,412,time,7月26號
12,434,436,med_exam,92
12,622,624,name,亞尼
12,628,631,name,亞尼齁
12,635,637,name,亞尼
12,666,668,name,高麗
12,855,857,med_exam,85
12,885,887,med_exam,85
13,48,52,time,9月2號
13,60,63,med_exam,9．7
13,87,89,med_exam,56
13,126,128,med_exam,56
13,158,161,med_exam,9．6
13,166,169,med_exam,9．8
13,188,191,med_exam,9．6
13,394,398,name,2019
13,413,415,time,年底
13,446,448,time,早上
13,463,465,time,3月
13,481,484,time,7個月
13,488,491,time,10月
13,492,496,time,10月底
14,22,25,name,阿CD
14,25,26,med_exam,4
14,27,30,med_exam,753
14,45,47,med_exam,37
14,121,125,time,一、兩天
14,137,139,time,三天
14,146,149,time,那幾天
14,242,246,med_exam,38.7
14,250,253,med_exam,387
14,330,331,med_exam,一
14,342,343,med_exam,一
14,379,380,med_exam,7
14,384,388,med_exam,68.7
14,459,462,time,2個月
14,476,479,time,2個月
14,523,525,time,年度
14,543,545,time,年度
14,565,567,time,年度
14,621,624,time,這個月
14,655,657,time,8月
14,662,664,time,4月
14,671,673,time,4月
14,701,703,time,8月
14,1094,1096,time,今年
14,1122,1128,name,阿，阿超音波
14,1136,1140,time,前兩個月
14,1173,1177,time,5月21
14,1179,1184,time,5月21號
14,1385,1390,time,9月20號
14,1396,1398,time,9月
14,1400,1404,time,9月20
15,3,4,name,阿
15,36,38,name,阿然
15,60,62,time,今天
15,92,95,med_exam,2.4
15,99,102,med_exam,2.4
15,177,179,med_exam,58
15,182,185,med_exam,2.4
15,361,363,time,夏天
15,632,634,location,前鎮
15,945,947,name,阿假
15,1059,1062,name,阿鼻塞
15,1228,1231,med_exam,五十幾
15,1437,1439,med_exam,10
15,1452,1456,med_exam,0.55
15,1462,1464,med_exam,90
15,1814,1816,time,夏天
15,1855,1857,time,夏天
16,33,36,name,阿肚子
16,203,207,time,三個禮拜
16,218,222,time,六個禮拜
16,235,239,time,六個禮拜
16,257,261,time,六個禮拜
16,324,328,med_exam,5.02
16,337,341,med_exam,7.64
16,353,357,med_exam,0.62
16,367,371,med_exam,7.83
16,383,386,med_exam,8.5
16,391,392,med_exam,8
16,397,401,med_exam,7.83
16,402,406,med_exam,7.02
16,424,427,time,三個月
16,447,449,time,兩年
16,503,504,med_exam,一
16,529,531,name,阿都
16,664,666,name,阿因
16,715,716,name,林
17,439,440,med_exam,一
17,1420,1423,time,這幾天
17,1534,1536,time,一天
17,1567,1569,time,明天
17,1578,1580,time,明天
17,1584,1587,time,明後天
17,1593,1595,time,明天
17,1596,1599,time,禮拜一
17,1604,1606,time,明天
17,1611,1613,time,今天
17,1613,1616,time,禮拜天
17,1621,1623,time,今天
17,1623,1626,time,禮拜天
17,1630,1633,time,禮拜一
17,1637,1640,time,禮拜一
17,1656,1659,time,禮拜二
17,1663,1666,time,禮拜二
17,1710,1711,med_exam,兩
17,1712,1713,med_exam,一
17,1743,1744,med_exam,五
17,1746,1747,med_exam,一
17,1850,1852,time,今天
17,1903,1905,location,台灣
17,1969,1971,time,幾天
17,1989,1992,time,這幾天
17,2034,2036,time,五月
17,2038,2041,time,五月份
17,2062,2065,time,六月份
17,2167,2169,location,台中
17,2174,2176,time,四天
17,2179,2181,time,七天
17,2185,2187,location,台中
17,2225,2227,time,四天
17,2344,2346,time,五月
17,2393,2394,med_exam,一
17,2467,2469,time,兩天
17,2506,2509,time,前三天
18,177,178,med_exam,兩
18,184,185,med_exam,兩
18,210,213,med_exam,120
18,237,240,EVENT,921
18,265,270,med_exam,500以上
18,429,432,time,三個月
18,485,487,time,半年
19,53,54,med_exam,五
19,417,419,time,今天
19,427,429,time,今天
19,932,935,med_exam,0.1
19,936,937,med_exam,一
19,939,943,med_exam,0.1一
19,945,948,med_exam,0.2
19,967,970,med_exam,0.8
19,971,974,med_exam,0.7
19,1013,1015,med_exam,四肢
19,1041,1042,med_exam,兩
19,1239,1241,time,晚上
19,1380,1381,med_exam,兩
19,1788,1790,time,一天
19,1798,1800,time,一天
19,1812,1813,med_exam,五
19,1906,1909,med_exam,150
19,2088,2092,med_exam,三、四百
19,2498,2501,time,下禮拜
19,3013,3015,name,陽明
19,3093,3095,name,陽明
19,3178,3182,time,一個禮拜
19,3419,3422,time,一大早
19,3682,3683,med_exam,四
19,3701,3703,location,阿國
19,3837,3839,name,陽明
19,3869,3871,ORG,陽明
19,4017,4019,ORG,長榮
19,4040,4041,med_exam,五
19,4098,4100,time,八天
19,4101,4104,time,十四天
19,4140,4141,time,五
19,4142,4145,time,六十歲
19,4207,4211,time,那天晚上
19,4543,4546,time,下禮拜
19,4942,4943,med_exam,一
19,5007,5009,time,昨天
19,5114,5116,time,今天
19,5487,5490,time,下禮拜
19,5625,5628,time,下禮拜
19,5949,5952,time,下禮拜
19,6021,6024,time,下禮拜
20,10,13,time,這個月
20,266,269,time,這個月
20,273,274,med_exam,兩
20,286,287,med_exam,兩
20,298,299,med_exam,兩
20,327,329,med_exam,兩三
20,332,333,med_exam,兩
20,333,334,med_exam,三
20,343,345,med_exam,兩三
20,765,769,location,臺東花蓮
20,894,897,time,一兩天
20,911,914,time,一個月
20,1010,1013,time,一兩年
20,1310,1313,time,三個月
20,2110,2114,time,一個禮拜
20,2118,2119,med_exam,四
20,2147,2149,time,三天
20,2170,2171,med_exam,兩
20,2369,2371,time,今天
20,2374,2375,med_exam,一
20,2675,2676,med_exam,兩
20,3013,3016,time,三個月
20,3613,3615,ORDINAL,第一
20,3781,3785,PERCENT,百分之百
20,3788,3792,PERCENT,百分之百
20,4241,4243,ORDINAL,第一
20,4476,4477,med_exam,三
20,4511,4512,med_exam,三
20,4598,4599,med_exam,兩
20,4646,4650,time,8月2號
20,4659,4664,time,8月20號
21,535,536,med_exam,兩
21,559,561,location,台灣
21,563,564,med_exam,兩
21,590,591,NORP,歐
21,591,592,NORP,美
21,598,600,location,台灣
21,619,620,med_exam,兩
21,1047,1049,med_exam,一半
21,1053,1055,med_exam,一半
21,1063,1065,med_exam,一半
21,1093,1096,time,一個月
21,1107,1110,time,一個月
21,1112,1113,med_exam,2
21,1114,1115,med_exam,3
21,1121,1122,med_exam,2
21,1123,1124,med_exam,3
21,1244,1245,med_exam,2
21,1246,1247,med_exam,3
21,1253,1254,med_exam,2
21,1255,1256,med_exam,3
21,1274,1278,time,一個禮拜
21,1279,1280,med_exam,2
21,1281,1282,med_exam,3
21,1337,1341,time,一個禮拜
21,1756,1760,PERCENT,百分之百
21,1905,1908,time,幾年前
21,1911,1912,med_exam,一
21,1947,1949,med_exam,一百
21,2030,2032,med_exam,一百
21,2044,2046,med_exam,一百
21,2351,2353,LANGUAGE,英文
21,2397,2398,med_exam,三
21,2553,2555,location,彰化
21,2643,2644,med_exam,三
21,2714,2716,location,泰國
21,2723,2725,NORP,泰國
21,2730,2732,NORP,印度
21,2736,2737,med_exam,三
21,2810,2812,time,今天
21,2813,2816,time,三天後
21,2930,2932,time,幾天
21,2944,2949,time,兩週到六週
21,3189,3191,location,印度
21,3301,3303,location,台灣
21,3323,3325,location,泰國
21,3326,3328,location,印度
21,3426,3428,location,台灣
22,6,7,name,王
22,112,113,name,王
22,535,537,location,基隆
22,740,742,location,基隆
22,775,777,ORG,北醫
22,805,808,ORG,衛生局
22,828,830,ORG,北醫
22,831,833,ORG,高醫
22,836,838,ORG,北醫
22,845,847,ORG,北醫
22,969,970,med_exam,兩
22,981,984,time,四個月
22,989,992,time,四個月
22,1454,1456,name,阿，
22,1857,1858,med_exam,一
22,1941,1943,name,阿，
22,2104,2107,time,三個月
22,2109,2112,time,六個月
22,2118,2120,med_exam,一次
22,2383,2384,med_exam,兩
22,2736,2737,name,王
22,2790,2792,ORDINAL,第一
22,2893,2895,time,七天
22,3003,3004,med_exam,一
22,3040,3042,time,七天
22,3060,3062,time,一天
22,3065,3066,med_exam,一
22,3132,3134,time,七天
22,3210,3212,ORDINAL,第一
22,3214,3216,ORDINAL,第二
22,3258,3260,med_exam,十二
22,3274,3276,time,今天
22,3287,3289,med_exam,十二
22,3351,3354,time,三個月
22,3357,3359,med_exam,一次
22,3361,3364,time,三六九
22,3366,3369,time,三六九
22,3386,3387,med_exam,兩
22,3390,3391,med_exam,兩
22,3484,3488,money,一萬多塊
22,3503,3506,med_exam,414
22,3576,3579,time,三個月
22,3604,3605,name,王
22,3612,3615,time,禮拜一
22,3616,3618,time,早上
22,3619,3622,time,禮拜三
22,3623,3625,time,下午
22,3637,3640,time,禮拜一
22,3641,3644,time,禮拜三
22,3702,3703,name,王
22,3764,3766,time,今天
22,3832,3833,med_exam,三
22,3867,3870,ORG,衛服部
22,3872,3875,ORG,疾管署
23,6,7,name,王
23,57,58,name,王
23,207,210,location,211
23,249,252,location,211
23,425,427,time,7天
23,456,457,med_exam,2
23,472,473,med_exam,1
23,474,475,med_exam,1
23,476,477,med_exam,1
23,495,496,med_exam,兩
23,500,504,time,24小時
23,504,505,med_exam,1
23,507,511,time,24小時
23,512,513,med_exam,1
23,576,577,name,王
23,636,637,name,王
23,710,711,med_exam,一
23,836,839,med_exam,三溫暖
23,851,854,med_exam,三溫暖
23,1002,1007,time,一個禮拜一
23,1007,1008,med_exam,兩
23,1018,1023,time,一個禮拜一
23,1023,1024,med_exam,兩
23,1027,1030,time,一個月
23,1033,1034,med_exam,八
23,1090,1094,time,一個禮拜
23,1100,1101,med_exam,兩
23,1103,1104,med_exam,兩
23,1126,1130,location,2111
23,1163,1167,time,一個禮拜
23,1168,1169,med_exam,2
23,1170,1171,med_exam,3
23,1200,1203,time,一個月
23,1203,1204,med_exam,1
23,1205,1206,med_exam,2
23,1210,1213,time,一個月
23,1216,1217,med_exam,3
23,1328,1329,med_exam,兩
23,1491,1496,PERCENT,百分之八十
23,1606,1608,ORDINAL,第一
23,1756,1757,name,王
23,1789,1791,time,今天
23,1839,1841,time,今天
24,55,58,time,這個月
24,84,86,med_exam,五六
24,95,96,med_exam,六
24,158,160,time,幾天
24,170,172,time,兩天
24,174,176,time,兩天
24,177,179,time,三天
24,204,205,med_exam,一
24,259,263,time,一個禮拜
24,267,270,time,三四天
24,320,321,med_exam,兩
24,382,384,time,七天
24,421,423,time,四天
24,513,516,time,這個月
24,716,718,location,台中
24,853,855,time,今天
24,881,883,time,今天
24,885,886,med_exam,兩
24,896,898,med_exam,幾百
24,914,915,med_exam,兩
25,7,10,time,這個月
25,124,126,time,今天
25,147,158,med_exam,12345678910
25,187,189,med_exam,30
25,193,196,time,28天
25,213,214,med_exam,兩
25,277,278,med_exam,一
25,285,286,med_exam,兩
25,287,288,med_exam,兩
25,294,297,time,這個月
25,297,298,med_exam,一
25,316,320,PERCENT,百分之百
25,620,621,med_exam,0
25,989,990,med_exam,0
25,1122,1124,time,今天
25,1130,1133,time,四五天
25,1151,1152,med_exam,兩
25,1158,1159,med_exam,兩
25,1186,1187,med_exam,一
25,1196,1197,med_exam,七
25,1223,1225,time,四天
25,1241,1242,med_exam,兩
25,1250,1252,time,當天
26,15,17,time,5月
26,121,122,med_exam,5
26,123,124,med_exam,6
26,158,161,med_exam,5、6
26,185,188,time,一個月
26,200,201,med_exam,1
26,203,204,med_exam,2
26,234,236,time,周末
26,247,249,time,今天
26,281,284,time,一個月
26,284,285,med_exam,1
26,286,287,med_exam,2
26,302,305,time,一個月
26,305,306,med_exam,1
26,307,308,med_exam,2
26,381,383,name,阿哈
26,683,685,med_exam,10
26,714,716,med_exam,69
26,732,734,med_exam,69
26,752,754,med_exam,69
26,879,881,name,阿，
26,962,964,time,今天
26,974,976,time,今天
26,977,978,med_exam,三
26,1401,1403,name,阿有
26,1526,1528,name,阿，
26,1654,1658,PRODUCT,PrEP
26,2130,2133,med_exam,5、6
26,2184,2187,med_exam,5.6
26,2339,2344,time,三個月以上
26,2352,2353,med_exam,一
26,2390,2392,ORDINAL,第一
26,2498,2500,ORDINAL,第一
26,2542,2545,time,三個月
26,2569,2570,name,林
27,11,13,location,台中
27,97,99,location,台中
27,112,114,location,台中
27,263,265,location,台中
27,265,267,time,七天
27,355,358,time,上個月
27,360,362,med_exam,十六
27,373,375,time,今天
27,375,377,time,十三
27,386,388,med_exam,十三
27,394,396,med_exam,十三
27,398,401,time,十三天
27,447,449,med_exam,十三
27,451,454,time,十三天
27,459,461,med_exam,十三
27,496,497,med_exam,四
27,517,520,time,十三天
27,537,539,med_exam,十三
27,593,597,time,這一個月
28,43,45,time,中秋
28,56,58,name,阿，
28,215,217,ORDINAL,第一
28,498,499,med_exam,兩
28,1006,1008,time,今天
28,1106,1107,med_exam,一
28,1158,1160,time,昨天
28,1161,1163,time,前天
28,1281,1284,name,恩恩恩
28,1359,1361,name,恩恩
28,1528,1531,name,恩恩恩
28,1607,1608,med_exam,兩
28,1689,1691,med_exam,69
28,1869,1870,med_exam,兩
28,1906,1909,name,恩恩恩
28,1919,1921,ORDINAL,第一
28,2171,2174,name,恩恩恩
28,2339,2341,time,今天
28,2383,2385,time,一天
28,2403,2405,time,早上
28,2407,2409,time,晚上
28,2439,2443,time,24小時
28,2466,2471,name,恩恩恩恩恩
28,2553,2555,time,四天
28,2561,2564,time,第一天
28,2586,2587,med_exam,兩
28,2595,2598,name,恩恩恩
29,33,35,location,桃園
29,41,43,location,桃園
29,215,217,time,一年
29,224,226,time,一年
29,456,458,med_exam,69
29,459,461,med_exam,10
29,471,473,med_exam,69
29,480,482,med_exam,69
29,559,562,time,三個月
29,747,748,name,陳
29,1307,1309,ORDINAL,第一
29,1313,1315,ORDINAL,第二
29,1344,1346,med_exam,12
29,1362,1363,med_exam,一
29,1365,1368,location,552
29,1376,1383,money,16000多塊
29,1386,1391,med_exam,17000
29,1435,1437,ORDINAL,第一
29,1509,1512,time,這個月
29,1527,1530,time,三個月
29,1532,1534,med_exam,一次
29,1558,1560,ORDINAL,第二
29,1630,1631,med_exam,兩
29,1641,1643,med_exam,12
29,1763,1766,location,中西區
29,1838,1841,location,369
29,1924,1928,time,前3個月
29,1930,1931,med_exam,3
29,1939,1944,time,7月、8月
29,1945,1947,time,9月
29,2022,2026,time,第一個月
29,2026,2030,time,7月6號
29,2054,2056,time,8月
29,2059,2062,time,一個月
29,2080,2082,ORDINAL,第一
29,2124,2128,time,第一個月
29,2153,2155,time,9月
29,2303,2304,med_exam,一
29,2325,2328,time,三個月
29,2569,2570,med_exam,兩
30,3,4,name,阿
30,153,155,time,一年
30,159,161,time,一年
30,164,166,time,幾年
30,189,191,time,8年
30,197,199,time,8年
30,219,221,time,8年
30,250,252,location,嘉義
30,256,260,time,兩到三天
30,288,292,time,一個禮拜
30,337,339,time,一天
30,354,358,time,3天以上
30,389,390,med_exam,兩
30,413,414,med_exam,兩
30,444,446,time,今天
30,449,452,time,禮拜二
30,460,462,time,幾天
30,469,472,time,禮拜日
30,479,480,med_exam,兩
30,488,492,med_exam,3456
30,510,513,time,禮拜日
30,514,515,med_exam,兩
30,550,551,med_exam,兩
30,573,574,med_exam,一
30,597,598,med_exam,兩
30,603,604,med_exam,一
30,610,611,med_exam,一
30,613,614,med_exam,一
30,638,639,med_exam,兩
30,641,642,med_exam,一
30,644,645,med_exam,一
30,680,681,med_exam,兩
30,683,684,med_exam,一
30,686,687,med_exam,一
30,690,691,med_exam,三
30,732,735,time,一整天
30,785,786,med_exam,一
30,786,787,med_exam,兩
30,794,799,time,一兩個小時
30,801,806,time,三四個小時
30,841,844,time,211
30,856,859,time,整個月
30,875,876,med_exam,三
30,1158,1160,time,一年
30,1239,1242,location,馬拉加
30,1256,1259,location,馬拉加
30,1260,1262,location,美國
30,1538,1541,med_exam,30億
30,1591,1593,time,今天
30,1593,1597,time,第6個月
30,1600,1602,time,今天
30,1624,1626,time,今天
30,1629,1631,time,半年
31,82,85,time,這個月
31,102,105,med_exam,1、2
31,160,163,time,11點
31,203,208,time,晚上11點
31,278,281,time,4個月
31,678,680,ORDINAL,第二
31,725,727,ORDINAL,第一
31,732,735,ORDINAL,第一次
31,873,876,time,這個月
31,903,906,time,這個月
31,911,914,time,這個月
31,923,926,med_exam,2、3
31,932,933,med_exam,2
31,943,946,med_exam,2、3
31,1253,1255,ORDINAL,第3
31,1257,1259,ORDINAL,第4
31,1794,1796,time,今天
31,1804,1806,time,今天
31,1812,1814,time,今天
31,1820,1822,time,今天
31,1862,1864,time,9月
31,1874,1877,time,12月
31,1884,1885,med_exam,一
31,1890,1893,time,12月
31,1917,1919,time,今天
31,1924,1928,time,8月3號
31,2012,2015,time,三個月
31,2015,2016,med_exam,一
31,2027,2031,time,第一個月
31,2076,2078,ORG,中央
31,2084,2087,ORG,疾管署
32,148,149,med_exam,兩
32,189,191,ORDINAL,第二
32,197,199,ORDINAL,第二
32,246,250,time,兩個小時
32,495,498,time,一個月
32,498,501,med_exam,2、3
32,512,515,time,一個月
32,515,518,med_exam,2、3
32,570,573,time,好幾天
32,590,592,time,今天
32,594,596,time,明天
32,678,682,time,兩個小時
32,686,690,time,兩個小時
32,695,699,time,兩個小時
32,700,704,time,兩個小時
32,706,707,med_exam,兩
32,716,720,time,24小時
32,730,734,time,24小時
32,737,738,med_exam,一
32,781,782,med_exam,一
32,813,815,ORDINAL,第一
32,827,829,time,八點
32,860,861,med_exam,兩
32,862,863,med_exam,八
32,931,932,med_exam,兩
32,946,948,time,兩天
32,949,951,time,八點
32,959,960,med_exam,三
32,1273,1275,LANGUAGE,英文
32,1308,1311,time,三個月
32,1312,1315,time,六個月
32,1333,1334,med_exam,三
32,1335,1336,med_exam,六
32,1348,1351,time,三個月
32,1370,1371,med_exam,三
32,1381,1384,time,一個月
32,1390,1393,time,一個月
32,1400,1403,time,一個月
32,1427,1428,med_exam,一
32,1433,1436,time,三個月
32,1444,1447,money,五千塊
32,1458,1460,med_exam,四千
32,1506,1507,med_exam,一
32,1542,1544,location,泰國
32,1548,1550,location,台灣
32,1558,1560,location,台灣
32,1589,1591,location,台灣
32,1657,1659,location,台灣
32,1892,1893,med_exam,一
32,1950,1953,med_exam,五百多
32,1967,1969,location,嘉義
32,2048,2049,med_exam,一
32,2051,2052,med_exam,三
32,2129,2132,time,一個月
32,2196,2201,time,一到三個月
32,2211,2214,time,三個月
32,2239,2243,time,半年以上
32,2292,2298,time,兩到四週之後
32,2312,2315,time,三個月
32,2317,2319,med_exam,一次
32,2402,2403,med_exam,一
32,2408,2411,time,三個月
32,2461,2462,med_exam,一
32,2596,2598,time,一年
32,2599,2600,med_exam,一
32,2652,2654,time,一年
32,2656,2657,med_exam,一
32,2668,2671,time,三個月
32,2730,2733,time,一年後
32,2817,2818,med_exam,一
33,44,50,time,禮拜二的早上
33,51,54,time,禮拜五
33,112,113,med_exam,2
33,119,120,med_exam,2
33,226,227,med_exam,兩
33,812,814,time,今天
33,815,818,ORDINAL,第10
33,838,841,med_exam,5、6
33,865,867,name,恩。
33,874,877,time,下個月
33,880,885,time,10月7號
33,899,902,time,下禮拜
33,916,919,time,二早上
33,920,923,time,五下午
34,88,90,ORG,萬華
34,91,93,ORG,北醫
34,98,100,location,萬華
34,101,103,ORG,北醫
34,165,168,time,好幾年
34,419,420,med_exam,三
34,436,440,time,四五年前
34,513,515,time,半年
34,724,727,time,半年前
34,732,735,time,半年前
34,772,775,time,五個月
34,779,782,time,五個月
34,821,822,med_exam,一
34,892,893,med_exam,兩
34,911,912,med_exam,三
34,964,965,med_exam,兩
34,966,967,med_exam,兩
34,1041,1042,med_exam,兩
34,1105,1106,med_exam,兩
34,1187,1189,time,一天
34,1212,1214,time,今天
34,1320,1322,time,今天
34,1352,1353,med_exam,兩
34,1368,1372,time,24小時
34,1380,1384,time,24小時
34,1385,1386,med_exam,一
34,1407,1410,time,10點
34,1421,1423,time,8點
34,1436,1438,time,隔天
34,1440,1442,time,8點
34,1447,1449,time,隔天
34,1451,1453,time,8點
34,1461,1463,time,三天
34,1467,1468,med_exam,4
34,1478,1479,med_exam,兩
34,1508,1512,time,兩個小時
34,1526,1528,time,當天
34,1536,1538,time,昨天
34,1540,1542,time,今天
34,1805,1809,time,一個禮拜
34,1813,1814,med_exam,一
34,1980,1981,med_exam,兩
34,1989,1991,name,阿，
34,2476,2484,time,40、50歲以上
34,2587,2591,money,414塊
34,2592,2594,location,台灣
34,2658,2660,time,一年
34,2683,2685,ORDINAL,第一
34,2691,2692,med_exam,3
34,2693,2696,time,6個月
34,2795,2797,time,今天
34,2804,2810,money,1800多塊
34,2830,2832,time,半年
34,2859,2863,med_exam,800多
34,2874,2877,time,三個月
34,2882,2885,med_exam,700
34,2898,2901,med_exam,4、5
34,2916,2920,med_exam,400多
34,2946,2951,money,1000塊
34,2984,2987,time,一個月
34,3220,3222,ORDINAL,第一
34,3719,3721,name,阿然
34,3963,3964,med_exam,兩
34,4001,4003,name,阿然
34,4058,4062,PERCENT,百分之百
34,4149,4155,PERCENT,百分之九十幾
34,4156,4159,PERCENT,九十幾
34,4173,4177,PERCENT,百分之百
34,4248,4254,time,禮拜二的晚上
34,4275,4277,time,晚上
34,4279,4281,time,下午
34,4292,4295,time,禮拜三
34,4296,4298,time,下午
34,4299,4305,time,禮拜五的早上
34,4308,4310,time,兩天
34,4318,4322,name,OKOK
34,4414,4417,time,禮拜三
34,4418,4420,time,下午
34,4421,4427,time,禮拜五的早上
34,4450,4454,time,下禮拜五
34,4459,4462,time,禮拜五
34,4482,4486,time,下禮拜五
34,4495,4501,time,禮拜五的早上
34,4502,4507,time,7月21號
34,4537,4540,time,下禮拜
34,4558,4560,location,基隆
34,4572,4574,location,萬華
34,4579,4581,ORG,萬華
34,4582,4584,location,萬華
34,4585,4587,ORG,北醫
34,4593,4595,location,萬華
35,46,48,name,阿，
35,51,57,ORG,GOOGLE
35,168,169,name,陳
35,221,222,name,陳
35,246,247,med_exam,一
35,358,359,med_exam,一
35,372,373,med_exam,一
35,381,382,med_exam,兩
35,438,440,med_exam,之一
35,446,447,med_exam,一
35,451,452,med_exam,兩
35,468,469,med_exam,三
35,482,483,med_exam,一
35,491,492,med_exam,一
35,493,495,ORDINAL,第三
35,523,527,med_exam,三分之二
35,559,561,time,今天
35,630,631,med_exam,一
35,631,632,med_exam,兩
35,1019,1021,med_exam,10
35,1035,1037,med_exam,10
35,1452,1453,med_exam,兩
35,1483,1484,med_exam,一
35,1488,1490,time,今天
35,1674,1678,time,1個禮拜
35,1684,1686,time,今天
35,1693,1694,med_exam,一
35,1770,1776,time,2到24小時
35,1779,1780,med_exam,兩
35,1783,1787,time,24小時
35,1795,1799,time,24小時
35,1800,1801,med_exam,一
35,1808,1810,time,3天
35,1814,1815,med_exam,4
35,1825,1830,time,晚上10點
35,1839,1842,time,10點
35,1847,1849,time,8點
35,1853,1855,time,隔天
35,1857,1859,time,8點
35,1862,1865,time,第三天
35,1867,1869,time,8點
35,1899,1901,time,3天
35,1905,1906,med_exam,4
35,1940,1942,ORDINAL,第一
35,1952,1956,time,兩個小時
35,1965,1966,med_exam,兩
35,1988,1991,time,兩小時
35,1996,2000,time,這兩小時
35,2058,2060,ORDINAL,第一
35,2068,2070,time,兩天
35,2105,2107,time,週末
35,2109,2112,time,一兩點
35,2118,2120,time,週末
35,2132,2135,time,禮拜一
35,2142,2145,time,一兩點
35,2206,2209,time,一禮拜
35,2210,2211,med_exam,兩
35,2259,2260,med_exam,一
35,2426,2427,med_exam,兩
35,2486,2487,med_exam,一
35,2491,2493,ORDINAL,第一
35,2500,2502,ORDINAL,第二
35,2513,2514,med_exam,兩
35,2531,2533,ORDINAL,第一
35,2583,2585,ORDINAL,第二
35,2726,2728,ORDINAL,第一
35,2743,2747,PERCENT,百分之百
35,2769,2770,med_exam,兩
35,2781,2782,med_exam,兩
35,2809,2811,time,今天
35,2906,2908,med_exam,九成
35,2913,2916,PERCENT,九成五
35,3001,3005,time,一個禮拜
35,3010,3011,med_exam,兩
35,3011,3012,med_exam,三
35,3076,3077,med_exam,兩
35,3153,3154,med_exam,兩
35,3219,3223,PERCENT,百分之百
35,3248,3254,PERCENT,百分之九十五
35,3397,3399,time,半年
35,3402,3403,med_exam,一
35,3428,3431,time,40歲
35,3438,3443,time,40歲以上
35,3480,3482,time,半年
35,3486,3489,time,三個月
35,3494,3495,med_exam,一
35,3504,3507,time,上半年
35,3533,3535,location,台灣
35,3583,3588,time,40歲以上
35,3624,3629,time,50歲以上
35,3748,3752,med_exam,3分之2
35,3769,3772,time,一個月
35,3793,3794,med_exam,3
35,3796,3797,med_exam,三
35,3813,3814,med_exam,三
35,3913,3914,med_exam,兩
35,3955,3959,time,72小時
35,3979,3982,time,28天
35,4003,4005,time,今天
35,4128,4133,time,2010年
35,4178,4181,med_exam,414
35,4198,4199,med_exam,4
35,4201,4205,med_exam,1600
35,4228,4233,med_exam,12000
35,4279,4281,location,泰國
35,4299,4300,med_exam,1
35,4302,4303,med_exam,2
35,4309,4312,med_exam,一萬二
35,4313,4316,med_exam,一萬三
35,4317,4318,med_exam,1
35,4320,4322,med_exam,30
35,4331,4332,med_exam,兩
35,4343,4344,med_exam,3
35,4417,4419,location,台灣
35,4446,4448,location,泰國
35,4554,4556,time,今天
35,4563,4565,location,台灣
35,4621,4623,location,美國
35,4624,4626,location,澳洲
35,4627,4630,location,加拿大
35,4631,4633,location,英國
35,4634,4636,location,法國
35,4741,4743,location,泰國
35,4778,4779,med_exam,一
35,4780,4784,money,500塊
35,4785,4789,money,600塊
35,4810,4812,location,泰國
35,4822,4823,med_exam,一
35,4828,4831,time,一個月
35,4831,4835,money,1000
35,4852,4853,med_exam,一
35,4854,4858,money,500塊
35,4859,4863,money,600塊
35,4998,5000,time,一天
35,5069,5076,time,下次下下個禮拜
36,17,20,time,六點半
36,28,31,time,六點半
36,43,48,time,七點四十二
36,71,76,time,後天的下午
36,115,116,name,阿
36,116,119,time,這個月
36,249,250,med_exam,兩
36,256,257,med_exam,兩
36,291,293,time,明天
36,460,461,med_exam,一
36,488,489,med_exam,一
36,579,581,time,今天
36,586,590,time,第七個月
36,601,604,time,下半年
36,632,635,time,下個月
36,660,665,time,四月二十五
36,678,683,time,四月二十五
36,715,720,time,四月二十五
37,3,4,name,阿
37,4,7,time,這個月
37,87,89,time,傍晚
37,93,95,time,傍晚
37,109,111,time,今晚
37,132,134,time,晚上
37,157,159,time,晚上
37,222,224,time,早上
37,229,231,time,早上
37,300,301,med_exam,兩
37,616,617,med_exam,兩
37,766,767,med_exam,兩
37,845,847,time,今天
37,848,851,ORDINAL,第十一
37,896,898,ORDINAL,第一
37,903,904,location,阿
37,904,906,ORDINAL,第二
37,923,924,location,阿
37,924,925,location,以
37,943,945,ORDINAL,第一
37,981,986,money,400多塊
37,999,1000,med_exam,一
37,1005,1006,med_exam,兩
37,1023,1027,med_exam,三分之一
37,1040,1043,med_exam,一萬三
37,1044,1045,med_exam,一
37,1054,1055,med_exam,兩
37,1064,1067,time,一個月
37,1069,1072,med_exam,4千多
37,1073,1075,med_exam,5千
37,1122,1124,NORP,泰國
37,1175,1177,location,台灣
37,1202,1204,location,台灣
37,1238,1240,location,美國
37,1241,1243,location,澳洲
37,1244,1246,location,英國
37,1247,1250,location,加拿大
37,1270,1272,location,台灣
37,1321,1324,time,一個月
37,1326,1330,med_exam,1500
37,1371,1376,time,最後一個月
37,1383,1385,location,泰國
38,70,72,location,高雄
38,84,86,location,高雄
38,92,94,location,高雄
38,115,117,time,七天
38,138,139,med_exam,八
38,141,143,time,八號
38,160,164,time,兩個禮拜
38,177,179,location,高雄
38,423,425,time,七天
38,484,485,med_exam,兩
38,582,584,location,高雄
38,632,633,med_exam,七
38,634,635,med_exam,八
38,636,637,med_exam,九
38,641,644,time,下個月
38,648,651,time,下個月
39,22,25,time,一個月
39,141,144,time,三個月
39,482,484,name,阿，
39,770,773,time,六個月
39,834,836,time,一年
39,920,922,ORDINAL,第一
39,1715,1720,time,兩、三個月
39,2008,2011,time,六個月
39,2029,2031,name,阿所
39,2066,2067,med_exam,一
40,3,6,name,阿現在
40,58,61,ORG,電機系
40,221,222,name,江
40,290,291,name,江
40,377,379,time,十月
40,399,400,name,廖
40,516,519,time,一年前
40,561,563,time,半年
40,615,618,name,阿白白
40,662,664,time,半年
40,855,856,med_exam,兩
40,1001,1003,time,今天
41,46,48,name,阿，
41,93,94,name,張
41,101,102,name,張
41,109,110,name,張
41,448,449,med_exam,8
41,468,469,med_exam,6
41,475,476,med_exam,6
41,550,551,med_exam,三
41,614,616,name,阿然
41,622,624,name,阿張
41,654,655,med_exam,兩
41,671,672,med_exam,兩
41,677,678,med_exam,兩
41,766,769,time,15天
41,794,797,time,15天
41,809,812,time,15天
41,885,886,name,張
41,892,893,med_exam,一
41,899,900,med_exam,半
41,908,909,med_exam,半
41,934,935,med_exam,一
41,982,983,name,張
41,1014,1015,name,張
41,1019,1022,location,勝利路
41,1027,1030,location,勝利路
41,1071,1074,location,民生路
41,1078,1081,location,府前路
41,1090,1093,name,張小發
41,1101,1104,name,張小發
41,1111,1114,name,張小發
41,1115,1118,name,張小男
41,1163,1166,name,張小發
41,1249,1252,name,張大明
41,1278,1282,time,一個禮拜
41,1358,1361,ORG,南一中
41,1374,1375,name,張
41,1470,1472,name,阿陳
41,1639,1640,med_exam,兩
41,1708,1709,med_exam,兩
41,1874,1876,name,好阿
41,1905,1908,time,三個月
41,1910,1911,med_exam,一
42,381,382,med_exam,兩
42,390,391,med_exam,兩
42,540,542,med_exam,12
42,675,676,name,黃
42,679,682,name,黃明明
42,688,691,name,黃明明
42,1136,1138,location,德國
42,1433,1434,name,李
42,2021,2024,med_exam,119
42,2132,2133,name,江
42,2391,2394,med_exam,119
42,2726,2729,time,119
42,2976,2977,name,江
43,128,130,name,阿，
43,209,211,time,半年
43,213,216,time,三個月
43,220,222,time,半年
43,229,231,time,明天
43,264,269,time,7月12號
43,286,291,time,那兩個禮拜
43,292,294,med_exam,一次
43,361,362,med_exam,一
43,400,403,ORG,市公所
43,442,445,QUANTITY,幾公斤
43,449,451,med_exam,56
43,455,457,med_exam,56
43,483,488,time,7月12號
43,497,500,time,一個月
43,560,562,time,早上
43,565,567,time,中午
43,648,651,time,一個月
43,678,682,time,4個禮拜
43,702,704,time,下午
43,715,717,time,早上
43,762,765,time,禮拜五
43,787,790,time,禮拜五
43,791,793,time,早上
43,819,823,time,兩個禮拜
43,828,837,time,810，8月10號
43,861,866,time,開兩個禮拜
43,872,874,time,那天
43,894,896,time,今天
43,939,941,time,早上
43,941,942,med_exam,兩
43,943,945,time,晚上
43,945,946,med_exam,兩
43,959,961,time,一天
43,961,962,med_exam,4
43,971,975,time,3個禮拜
43,983,985,time,早上
43,985,986,med_exam,兩
43,1035,1036,med_exam,兩
43,1037,1040,time,14天
43,1043,1045,med_exam,28
43,1085,1087,time,7天
43,1109,1111,time,早上
43,1111,1112,med_exam,兩
43,1113,1115,time,晚上
43,1115,1116,med_exam,兩
43,1129,1131,time,7天
43,1135,1137,time,7天
43,1175,1179,time,兩個禮拜
43,1354,1358,med_exam,3000
43,1359,1363,med_exam,8000
43,1367,1369,med_exam,一次
43,1426,1427,med_exam,兩
43,1550,1553,time,3個月
43,1560,1563,time,三個月
43,1566,1569,time,3個月
43,1637,1640,time,6個月
44,4,8,time,這個禮拜
44,17,21,time,這個禮拜
44,354,356,name,過敏
44,710,714,time,兩個禮拜
44,848,850,time,一天
44,854,855,med_exam,三
44,1034,1035,med_exam,三
44,1278,1279,med_exam,三
44,1299,1300,med_exam,三
44,1444,1446,name,阿牛
44,1595,1597,location,台灣
44,1619,1620,med_exam,二
44,1662,1664,location,日本
44,1730,1731,med_exam,兩
44,1787,1790,time,下禮拜
45,93,95,time,7月
45,95,97,med_exam,12
45,105,107,med_exam,12
45,128,130,time,今天
45,477,480,time,兩個月
45,485,488,time,兩個月
45,493,494,med_exam,一
45,500,503,time,一個月
45,507,510,time,28天
45,511,512,location,阿
45,516,520,time,第二個月
45,552,555,time,幾個月
45,555,556,med_exam,一
45,564,567,time,3個月
45,567,568,med_exam,一
45,570,572,name,阿因
45,574,576,time,8月
45,585,588,time,11月
45,616,620,time,8月18
45,627,630,time,9月初
45,634,636,time,8月
45,640,643,time,9月底
45,646,649,time,兩個月
45,665,668,time,兩個月
45,675,677,time,一天
45,678,681,time,兩個月
45,687,689,time,當天
45,699,701,time,當天
45,704,710,time,11月30號
45,920,926,time,11月30號
45,933,935,time,當天
45,964,966,time,一天
45,967,969,med_exam,一次
45,985,987,time,當天
45,1153,1156,time,兩個月
45,1162,1167,money,1555塊
45,1209,1211,time,一天
45,1251,1252,med_exam,兩
45,1254,1257,time,兩個月
45,1260,1261,med_exam,兩
46,53,55,time,幾天
46,87,90,time,這兩天
46,146,148,time,一早
46,216,219,time,三天多
46,240,242,med_exam,23
46,246,255,time,7月21到7月23
46,259,262,time,一二三
46,267,268,med_exam,一
46,268,269,med_exam,二
46,269,270,med_exam,三
46,274,279,time,上個禮拜三
46,288,291,time,禮拜四
46,298,301,time,禮拜一
46,341,346,time,7月23號
46,405,409,med_exam,37.5
46,423,425,time,傍晚
46,444,446,time,早上
46,452,454,time,早上
46,456,458,med_exam,36
46,466,468,time,晚上
46,469,471,time,下午
46,485,489,med_exam,37.2
46,496,500,med_exam,37.5
46,521,523,time,下午
46,589,591,time,早上
46,604,606,time,早上
46,610,612,time,晚上
46,613,615,time,下午
46,640,641,med_exam,一
46,660,662,time,晚上
46,663,665,time,早上
46,676,680,QUANTITY,0.5度
46,704,706,time,早上
46,707,711,med_exam,36.5
46,726,728,time,下午
46,734,737,QUANTITY,37度
46,749,752,QUANTITY,37度
46,821,822,med_exam,一
46,877,879,med_exam,37
46,972,974,time,今天
46,986,989,med_exam,188
46,993,995,med_exam,75
46,1011,1013,med_exam,50
46,1032,1035,med_exam,188
46,1037,1039,med_exam,75
46,1048,1050,med_exam,30
46,1054,1056,med_exam,13
46,1313,1316,med_exam,七八十
46,1349,1352,med_exam,189
46,1356,1359,med_exam,201
46,1424,1428,PERCENT,4.1%
46,1456,1458,PERCENT,13
46,1460,1464,PERCENT,4.1%
46,1617,1621,time,兩到三天
46,1635,1638,time,這兩天
46,1665,1667,time,一天
46,1688,1693,med_exam,21、22
46,1703,1705,time,今天
46,1731,1736,time,今天的早上
46,1748,1752,med_exam,36.2
46,1771,1775,med_exam,36.2
46,1778,1780,time,今天
46,1783,1787,med_exam,36.8
46,1810,1814,med_exam,37.5
46,1827,1831,med_exam,37.5
46,1881,1885,med_exam,37.5
46,1925,1928,QUANTITY,38度
46,2117,2122,ORG,美國大聯盟
46,2484,2489,time,兩三個禮拜
46,2897,2899,time,今天
46,2961,2963,med_exam,10
46,2967,2969,med_exam,10
46,3002,3005,med_exam,134
46,3009,3012,med_exam,134
46,3027,3029,med_exam,10
46,3043,3045,med_exam,10
46,3076,3078,med_exam,10
46,3090,3092,med_exam,10
46,3122,3125,med_exam,136
46,3234,3236,med_exam,10
46,3330,3332,med_exam,10
46,3376,3378,med_exam,10
46,3393,3395,med_exam,10
46,3610,3612,time,今天
46,3614,3615,med_exam,一
46,3637,3639,time,今天
46,3802,3804,med_exam,28
46,3815,3818,time,28天
46,3819,3822,time,28天
46,3857,3861,time,兩個禮拜
46,3870,3874,time,兩個禮拜
46,3889,3893,time,兩個禮拜
46,4003,4007,time,兩個禮拜
46,4029,4033,time,下下禮拜
46,4277,4279,time,四週
46,4366,4368,time,四週
46,4382,4385,time,兩週後
46,4389,4391,time,四週
46,4861,4863,location,台灣
46,4929,4932,time,三個月
46,5032,5033,med_exam,一
46,5045,5046,med_exam,一
47,189,192,time,15天
47,203,205,time,今天
47,206,208,med_exam,12
47,212,214,time,今天
47,215,217,med_exam,12
47,303,304,name,林
47,372,374,time,今天
47,660,663,time,差三天
47,668,669,location,阿
47,669,671,time,今天
47,713,718,PRODUCT,AST33
47,721,724,med_exam,120
47,741,744,med_exam,515
47,745,748,med_exam,433
47,749,752,med_exam,124
47,753,755,time,今天
47,818,821,med_exam,4.3
47,841,845,med_exam,7500
47,854,858,med_exam,53萬9
47,865,868,med_exam,5萬2
47,890,892,time,今天
47,915,917,time,5天
47,961,965,time,下個禮拜
47,991,993,time,7天
47,1065,1067,time,一天
47,1119,1125,ORG,GOOGLE
47,1188,1191,location,阿里山
47,1219,1222,location,阿里山
47,1257,1260,location,阿里山
47,1372,1374,time,一天
47,1375,1377,med_exam,一次
47,1553,1557,time,下下禮拜
47,1674,1676,time,晚上
47,1735,1737,time,晚上
47,1742,1744,time,白天
47,1781,1785,time,下下禮拜
47,1788,1790,time,今天
47,1852,1854,time,今天
47,1887,1890,ORG,疾管局
47,1898,1900,ORDINAL,第二
47,1934,1937,ORG,疾管局
47,2007,2008,med_exam,二
47,2036,2038,ORDINAL,第二
47,2130,2132,time,今天
47,2156,2157,name,阿
47,2184,2186,time,今天
47,2253,2254,med_exam,三
47,2271,2274,location,789
48,6,10,med_exam,5889
48,151,152,med_exam,三
48,331,334,med_exam,189
48,335,338,med_exam,189
48,401,404,med_exam,166
48,407,410,med_exam,189
48,428,431,med_exam,166
48,441,444,location,217
48,455,458,med_exam,200
48,463,466,med_exam,225
48,473,476,med_exam,200
48,562,564,med_exam,47
48,568,570,med_exam,22
48,604,606,med_exam,一次
48,647,650,time,兩個月
48,655,658,time,兩個月
48,659,662,time,兩個月
48,839,841,med_exam,65
48,902,904,med_exam,一半
48,1067,1071,time,三個小時
48,1072,1076,time,六個小時
48,1410,1415,med_exam,25000
48,1428,1433,med_exam,25000
48,1437,1442,med_exam,30000
48,1448,1453,med_exam,30000
48,1486,1491,med_exam,25000
48,1499,1501,med_exam,25
48,1528,1531,med_exam,143
48,1535,1538,med_exam,143
48,1759,1762,time,兩個月
49,3,5,time,今天
49,60,62,ORG,清華
49,77,80,ORG,化學系
49,126,131,time,9月10號
49,153,158,time,9月10號
49,159,162,name,阿小美
49,171,174,name,阿那天
49,200,202,name,恩。
49,335,337,med_exam,36
49,342,344,med_exam,36
49,349,351,med_exam,36
49,352,356,med_exam,36.9
49,357,361,med_exam,36.7
49,362,366,med_exam,36.6
49,840,844,time,45分鐘
49,874,875,med_exam,三
49,880,881,med_exam,三
49,897,899,time,晚上
49,909,911,time,一天
49,913,917,time,30分鐘
49,924,927,time,半小時
49,965,967,time,今天
49,976,978,time,今天
49,983,985,time,今天
49,986,989,time,禮拜三
49,990,992,time,下午
49,1105,1108,name,阿尤其
49,1169,1171,time,今天
49,1208,1211,time,禮拜一
49,1234,1236,time,今天
49,1282,1284,time,今天
49,1294,1299,time,今天的下午
49,1340,1343,time,禮拜一
49,1344,1346,time,早上
49,1352,1355,time,禮拜一
49,1365,1368,name,李英俊
49,1822,1824,name,阿阿
49,2005,2008,name,阿，阿
49,2058,2060,location,台北
49,2065,2067,location,高雄
49,2082,2088,ORG,中山應用化學
49,2789,2791,name,沙拉
49,2849,2851,location,台北
49,2927,2930,name,阿小美
49,2943,2946,time,禮拜一
49,2961,2963,time,今天
49,3018,3020,name,阿所
49,3040,3045,time,下個禮拜一
49,3049,3053,time,9月8號
49,3140,3142,name,阿假
49,3228,3229,name,阿
49,3754,3755,med_exam,一
49,3800,3802,med_exam,三嬸
49,3886,3888,med_exam,三嬸
49,3906,3908,name,阿是
49,4168,4171,time,禮拜一
49,4452,4454,ORDINAL,第一
49,4469,4471,ORDINAL,第一
49,4518,4522,location,台北榮總
49,4534,4536,ORG,台大
49,4541,4543,ORG,台大
49,4547,4549,ORG,台大
49,4609,4611,time,兩天
50,13,15,location,奇美
50,82,85,time,禮拜六
50,87,90,time,禮拜六
50,92,98,time,禮拜六的早上
50,102,104,time,清晨
50,116,118,time,清晨
50,125,128,time,禮拜天
50,129,133,time,7月17
50,138,140,time,前天
50,144,146,time,前天
50,151,153,time,前天
50,159,161,time,昨天
50,163,165,time,昨天
50,169,171,med_exam,一半
50,200,202,med_exam,38
50,204,206,med_exam,38
50,212,216,med_exam,38.6
50,217,221,med_exam,38.7
50,238,240,name,阿有
50,265,267,name,阿阿
50,325,329,med_exam,6月25
50,334,336,time,昨天
50,341,344,name,阿肚子
50,401,403,NORP,阿人
50,429,431,name,阿一
50,449,451,time,今天
50,460,465,time,今天的早上
50,542,544,time,今天
50,572,574,NORP,阿美
50,604,606,time,三天
50,695,697,name,阿扁
50,721,725,med_exam,36.9
50,729,733,med_exam,36.9
50,788,790,name,阿然
50,1043,1044,med_exam,一
50,1180,1184,time,那個月底
50,1186,1188,time,月底
50,1201,1205,med_exam,11.幾
50,1209,1213,med_exam,11.幾
50,1224,1226,med_exam,11
50,1320,1322,time,8號
50,1459,1465,time,禮拜五的早上
50,1490,1492,time,早上
50,1517,1519,time,早上
50,1770,1772,name,阿然
50,2008,2013,med_exam,88821
50,2013,2016,name,許添丁
50,2028,2032,med_exam,27.7
50,2107,2109,name,阿然
50,2617,2619,name,阿因
50,2738,2739,med_exam,兩
50,2845,2847,name,阿有
50,3188,3191,time,兩三天
50,3193,3196,time,這兩天
50,3201,3205,time,4個小時
50,3394,3397,name,百利寧
50,3513,3515,ORG,台大
50,3573,3577,time,下個禮拜
50,3750,3756,time,早上一顆晚上
50,3803,3806,name,阿假如
51,25,28,time,第三週
51,133,136,time,第三週
51,147,150,time,一整天
51,170,172,location,奇美
51,232,233,name,吳
51,263,264,name,阿
51,333,335,name,阿有
51,370,371,med_exam,一
51,399,401,name,阿，
51,582,585,time,第三週
51,625,627,location,奇美
51,997,998,med_exam,兩
51,1263,1266,time,1月份
51,1283,1286,time,1月份
51,1346,1348,name,好阿
51,1411,1414,name,阿，阿
51,1432,1434,name,阿，
51,1523,1528,time,1月16號
51,1537,1540,time,16號
51,1545,1547,time,1月
51,1558,1563,time,1月16號
51,1676,1678,time,半年
51,1838,1840,ORDINAL,第三
51,1850,1853,time,那幾天
51,2012,2014,name,阿，
51,2039,2043,time,三個禮拜
51,2051,2056,time,第三個禮拜
51,2061,2066,time,前兩個禮拜
51,2093,2095,ORDINAL,第三
51,2109,2111,name,阿，
51,2212,2214,NORP,阿人
51,2257,2260,time,一整天
51,2264,2266,time,半天
51,2274,2276,time,半天
51,2334,2338,time,2、4週
51,2391,2392,name,吳
51,2408,2412,PRODUCT,亞培肝素
51,2443,2445,name,阿，
51,2450,2452,name,阿，
51,2506,2508,med_exam,三恩
51,2519,2521,name,阿，
51,2696,2698,name,阿，
51,2741,2743,time,過年
51,2773,2775,name,阿，
51,2848,2851,time,一個月
51,2856,2860,QUANTITY,10公斤
51,2866,2870,QUANTITY,65公斤
51,2882,2886,QUANTITY,54公斤
51,3109,3112,time,一整天
51,3217,3219,name,阿，
51,3285,3288,time,這一週
51,3289,3292,time,上禮拜
51,3395,3397,ORG,奇美
51,3423,3425,name,恩恩
51,3463,3465,name,阿哈
51,3614,3616,name,恩恩
51,3652,3654,location,亞培
51,3744,3745,name,阿
51,3758,3760,ORG,亞培
51,3789,3792,QUANTITY,幾公斤
51,3796,3798,med_exam,54
51,3802,3804,med_exam,58
51,3814,3816,med_exam,58
51,3825,3827,med_exam,58
51,3875,3877,name,阿，
51,3909,3912,time,一個月
51,3915,3918,time,一個月
51,3923,3926,time,一個月
51,3927,3929,time,三週
51,3935,3938,time,一個月
51,3939,3941,time,三週
51,3945,3948,time,一個月
51,3949,3951,time,三週
51,3962,3969,time,一個月之前三週
51,4000,4003,med_exam,22萬
51,4034,4037,med_exam,22萬
51,4314,4316,name,阿阿
51,4366,4368,time,明天
51,4396,4398,time,明天
51,4437,4439,time,兩週
51,4441,4444,time,第三週
51,4480,4483,time,第三週
51,4495,4498,time,第三週
51,4513,4515,time,三週
51,4517,4520,time,上一週
51,4552,4557,time,三個禮拜後
51,4566,4570,time,兩個禮拜
51,4573,4577,time,兩個禮拜
51,4588,4590,ORG,亞培
51,4610,4614,time,一個禮拜
51,4653,4655,name,齁阿
51,4815,4819,time,一個禮拜
51,4822,4826,time,一個禮拜
51,4828,4832,QUANTITY,10公斤
51,4847,4851,QUANTITY,66公斤
51,4858,4862,QUANTITY,66公斤
51,4867,4869,name,阿，
51,4878,4879,name,阿
51,4888,4890,name,阿，
51,5008,5010,name,阿，
51,5265,5267,time,今天
51,5330,5332,NORP,中藥
51,5353,5355,location,中藥
51,5477,5481,time,兩個小時
51,5574,5579,time,2020年
51,5579,5581,time,5月
51,5820,5822,name,阿，
51,5852,5854,time,四天
51,5856,5858,time,五天
51,6105,6107,name,阿，
52,101,104,med_exam,330
52,176,181,med_exam,15000
52,185,187,name,恩。
52,195,199,med_exam,3200
52,203,207,med_exam,3200
52,234,237,name,阿發炎
52,262,266,med_exam,10.7
52,284,285,med_exam,8
52,289,290,med_exam,8
52,294,298,med_exam,10.7
52,330,336,time,最後兩個禮拜
52,375,378,name,阿結束
52,396,401,time,這兩個禮拜
52,466,468,name,阿，
52,526,527,name,林
52,532,535,med_exam,780
52,541,542,name,林
52,545,548,med_exam,780
52,559,560,med_exam,一
52,565,566,med_exam,一
52,582,585,med_exam,450
52,589,592,med_exam,450
52,596,597,med_exam,兩
52,602,603,med_exam,兩
52,639,641,name,阿所
52,691,694,med_exam,450
52,702,704,name,阿林
52,812,815,med_exam,450
52,816,819,med_exam,450
52,867,868,med_exam,兩
52,900,903,time,這個月
52,949,952,name,阿肚子
52,1086,1087,name,陳
52,1089,1090,name,陳
52,1147,1149,name,阿，
52,1164,1169,time,7月15號
52,1221,1226,time,7月28號
52,1270,1273,name,阿小美
52,1276,1277,name,陳
52,1280,1284,time,兩個禮拜
52,1331,1333,name,阿陳
52,1356,1359,ORG,健保局
52,1368,1372,time,一個禮拜
52,1391,1395,time,兩個禮拜
52,1409,1413,time,一個禮拜
52,1416,1420,time,一個禮拜
52,1441,1445,money,100塊
52,1516,1522,ORG,抗生素健保局
52,1539,1540,med_exam,一
52,1586,1587,location,阿
52,1587,1592,time,8月20號
52,1602,1607,time,8月20號
53,114,118,time,兩個禮拜
53,337,341,time,兩個禮拜
53,409,413,time,十月二號
53,439,444,med_exam,六百七十九
53,464,466,name,阿然
53,526,528,location,台南
53,538,540,ORG,奇美
53,547,548,med_exam,兩
53,650,653,med_exam,一千二
53,755,756,med_exam,一
54,3,5,name,阿明
54,93,95,time,年度
54,254,256,time,去年
54,354,356,time,冬天
54,396,398,location,武漢
54,567,573,time,十二月二十二
55,128,131,time,一個月
55,131,132,med_exam,一
55,237,239,location,台灣
55,282,285,time,一個月
55,285,286,med_exam,一
55,454,456,location,台灣
55,588,589,med_exam,一
55,589,590,med_exam,兩
55,602,605,time,一個月
55,728,730,time,早上
55,738,740,time,早上
55,756,758,time,一天
55,758,760,med_exam,一次
55,830,832,time,今天
55,835,837,time,今天
55,929,932,name,阿生意
55,1043,1045,time,去年
55,1063,1065,time,去年
55,1072,1074,time,今年
55,1103,1104,name,阿
55,1104,1106,time,今年
55,1109,1112,time,五月中
55,1266,1268,time,一年
55,1268,1269,med_exam,一
56,3,4,name,阿
56,14,16,name,阿，
56,28,31,time,星期三
56,38,41,name,阿出院
56,158,159,name,阿
56,273,276,name,阿現在
56,608,610,time,今天
56,1090,1094,PERCENT,百分之五
56,1098,1102,PERCENT,百分之五
56,1109,1113,PERCENT,百分之五
56,1131,1135,PERCENT,百分之五
56,1528,1529,name,榮
56,1654,1655,med_exam,兩
56,1661,1662,med_exam,兩
56,1673,1674,med_exam,兩
56,1842,1843,med_exam,兩
56,1850,1851,med_exam,兩
56,1860,1863,time,一個月
56,1909,1910,med_exam,一
56,1912,1913,med_exam,十
56,2020,2022,name,阿，
56,2152,2157,time,九月二十五
56,2166,2169,time,兩個月
56,2175,2179,time,十月一號
56,2181,2184,time,中秋節
56,2207,2212,time,二十五禮拜
56,2216,2219,time,禮拜四
56,2220,2222,time,下午
56,2300,2302,time,九天
56,2307,2310,time,十幾天
56,2313,2316,name,阿，阿
57,6,8,name,政鴻
57,11,13,name,政鴻
57,33,38,time,十五個小時
57,48,52,time,十五小時
57,60,64,time,九個小時
57,69,73,time,九個小時
57,172,175,time,前一天
57,183,186,time,前兩天
57,287,289,time,一年
57,379,380,name,阿
57,380,382,time,今天
57,385,388,QUANTITY,幾公斤
57,416,419,med_exam,八十五
57,423,426,time,八十五
57,441,444,med_exam,一七五
57,489,492,time,這一年
57,509,511,time,一年
57,519,525,time,三、三、四年
57,529,533,time,三、四年
57,683,684,name,阿
57,692,693,med_exam,四
57,698,699,med_exam,四
57,746,750,time,三個禮拜
57,753,757,time,四個禮拜
57,798,802,time,三個禮拜
57,967,969,name,阿，
57,971,973,med_exam,二八
57,1066,1069,med_exam,一百三
57,1221,1223,name,政鴻
57,1306,1311,time,五十歲以後
57,1321,1323,name,阿，
57,1370,1372,time,一天
57,1372,1373,med_exam,兩
57,1661,1662,med_exam,兩
57,1777,1779,name,嘉芳
57,1790,1793,time,兩個月
57,1800,1803,time,下禮拜
57,1813,1816,time,五個月
57,1850,1853,time,五個月
57,1859,1862,time,五個月
57,1876,1879,time,五個月
57,1909,1912,time,五個月
57,1951,1952,med_exam,一
57,2081,2084,time,十二月
57,2097,2098,name,阿
58,6,11,med_exam,56783
58,43,46,time,一兩天
58,217,220,time,禮拜四
58,229,234,time,今天的早上
58,399,401,ORDINAL,第一
58,540,541,med_exam,兩
58,696,698,time,今天
58,767,770,time,三個月
58,772,774,med_exam,一次
59,4,7,time,禮拜天
59,8,10,time,中午
59,12,15,time,禮拜一
59,21,23,time,中午
59,30,33,time,禮拜二
59,76,78,time,那天
59,148,149,med_exam,三
59,159,161,time,今天
59,164,167,time,禮拜一
59,442,444,time,昨天
59,491,492,name,林
59,615,616,name,王
59,625,627,name,陽明
59,702,704,time,今天
59,726,728,time,昨天
59,737,742,time,昨天的晚上
59,750,755,time,昨天的早上
59,894,896,time,三天
59,907,909,time,三天
59,980,981,med_exam,三
59,982,984,time,一天
59,984,985,med_exam,三
59,1027,1028,name,王
59,1043,1045,time,今天
59,1124,1126,ORG,台大
59,1135,1137,ORG,台大
59,1223,1224,name,楊
59,1261,1264,time,下禮拜
59,1271,1274,time,下禮拜
59,1302,1303,name,楊
59,1382,1384,time,半夜
59,1514,1516,med_exam,一半
59,1561,1563,med_exam,一半
59,1611,1613,med_exam,一半
59,1674,1676,ORDINAL,第一
59,1848,1850,ORDINAL,第一
59,1917,1919,ORG,台大
59,1941,1945,ORG,陽明醫院
59,2052,2054,med_exam,12
59,2114,2116,time,今天
60,96,98,location,嘉義
60,104,106,location,嘉義
60,107,109,location,台南
60,364,367,time,兩個月
60,404,407,time,這個月
60,415,418,time,這個月
60,426,429,time,這個月
60,501,503,ORDINAL,第三
60,521,524,time,8月底
60,547,550,time,8月底
60,562,564,name,哈哈
60,685,687,time,今天
60,906,908,name,阿阿
60,1051,1055,name,阿哈哈哈
60,1098,1102,name,阿哈哈哈
60,1110,1111,med_exam,兩
60,1184,1187,time,8月7
60,1196,1199,time,禮拜三
60,1200,1202,time,下午
60,1206,1209,time,禮拜三
60,1210,1212,time,下午
60,1215,1217,time,早上
60,1222,1224,time,早上
60,1228,1231,time,禮拜四
60,1236,1240,time,四的早上
60,1244,1250,time,禮拜五的早上
60,1259,1265,time,禮拜五的早上
60,1271,1273,time,早上
60,1301,1304,time,10點
60,1312,1314,time,今天
60,1315,1319,time,9點45
60,1339,1342,time,禮拜三
60,1343,1345,time,下午
60,1349,1352,time,禮拜三
60,1360,1362,time,下午
60,1367,1369,time,早上
60,1407,1413,time,禮拜五的早上
60,1425,1426,med_exam,7
60,1432,1433,med_exam,7
60,1498,1499,name,李
60,1540,1543,time,5月份
60,1549,1551,time,5月
60,1554,1556,med_exam,35
60,1560,1563,time,這個月
60,1577,1580,time,這個月
60,1608,1611,time,這個月
60,1699,1701,time,幾月
60,1705,1707,name,阿美
60,1718,1723,time,6月15號
60,1732,1734,name,阿所
60,1803,1804,name,李
60,1815,1818,name,李小龍
60,1822,1825,name,李小龍
60,1875,1880,time,6月15號
60,1898,1903,time,6月15號
60,1958,1960,ORDINAL,第一
60,1968,1970,LANGUAGE,英文
60,1972,1974,ORDINAL,第一
60,1986,1989,location,台北市
60,2002,2003,med_exam,四
60,2008,2012,med_exam,9654
60,2016,2020,med_exam,9654
60,2028,2030,med_exam,85
60,2034,2038,time,1996
60,2043,2047,time,1996
60,2053,2058,time,5月21號
60,2066,2068,med_exam,21
60,2084,2087,time,6月底
60,2091,2093,med_exam,35
60,2105,2108,time,15號
60,2130,2135,time,6月15號
60,2146,2151,time,6月15號
60,2173,2174,location,阿
60,2192,2197,time,6月15號
60,2220,2225,time,6月15號
60,2262,2267,time,6月15號
60,2269,2274,time,6月15號
60,2283,2288,time,6月15號
60,2292,2297,time,6月15號
60,2320,2322,time,那天
60,2341,2343,time,那天
60,2443,2446,time,5月多
60,2456,2461,time,6月15號
60,2497,2499,time,5月
60,2503,2505,med_exam,35
60,2509,2511,time,4月
60,2581,2584,time,兩三年
60,2599,2602,time,兩三年
61,47,49,name,恩。
61,173,176,time,一個月
61,181,182,med_exam,兩
61,419,421,ORDINAL,第二
61,480,484,time,第一個月
61,540,544,time,第二個月
61,651,655,time,第一個月
61,688,692,time,24小時
61,919,922,time,下個月
61,979,983,time,兩個小時
61,1001,1006,time,前兩個小時
61,1025,1027,time,兩天
61,1072,1074,time,八點
61,1083,1085,time,八點
61,1111,1113,time,十點
61,1137,1139,time,八點
61,1143,1145,time,八點
61,1154,1156,time,八點
61,1170,1172,ORDINAL,第一
61,1522,1523,med_exam,兩
61,1563,1565,ORDINAL,第一
61,1823,1825,name,阿，
61,2002,2004,time,今天
61,2006,2007,med_exam,一
61,2022,2028,time,11月12號
61,2030,2033,time,兩個月
61,2038,2043,med_exam,11月12
61,2051,2057,time,禮拜三的早上
61,2083,2087,time,第一個月
61,2129,2135,time,11月12號
61,2213,2216,time,十幾號
61,2280,2282,location,台北
61,2293,2295,location,台北
61,2343,2345,time,五月
61,2388,2391,time,三百年
61,2424,2426,time,12
62,5,9,med_exam,0938
62,10,12,name,阿寬
62,60,61,med_exam,3
62,69,70,med_exam,3
62,75,76,med_exam,3
62,136,137,med_exam,兩
62,300,302,time,一年
62,550,551,med_exam,兩
62,795,799,time,第十個月
62,817,821,med_exam,三分之二
62,901,904,time,一個月
62,906,912,time,11月29，
62,915,918,time,禮拜五
62,919,921,time,下午
63,109,111,ORDINAL,第十
63,176,177,med_exam,一
63,188,189,med_exam,兩
63,238,240,time,晚上
63,242,244,time,晚上
63,254,256,time,隔天
63,263,265,time,晚上
63,325,327,ORDINAL,第十
63,353,356,time,下個月
64,4,6,time,今天
64,147,148,med_exam,兩
64,523,525,time,今天
64,667,670,name,阿所以
64,754,756,name,恩。
64,801,804,time,下個月
64,829,834,time,上這個月內
64,865,866,med_exam,一
64,876,877,med_exam,兩
64,878,879,med_exam,兩
64,881,883,time,一年
64,914,916,time,一年
64,975,985,time,E287179403
64,997,999,ORDINAL,第一
64,1005,1008,time,第三年
64,1017,1019,med_exam,12
64,1056,1059,time,一兩年
64,1117,1119,location,泰國
65,71,74,time,這個月
65,127,130,time,這個月
65,130,131,med_exam,一
65,190,193,time,這個月
65,205,208,time,上個月
65,469,471,ORDINAL,第一
65,544,545,med_exam,兩
65,1010,1011,med_exam,0
65,1018,1019,med_exam,0
65,1028,1029,med_exam,1
65,1107,1108,med_exam,3
65,1110,1111,med_exam,5
65,1173,1174,med_exam,1
65,1223,1224,med_exam,0
65,1267,1269,time,今天
65,1271,1272,med_exam,0
65,1277,1279,time,1號
65,1310,1312,time,今天
65,1316,1317,med_exam,0
65,1320,1321,med_exam,0
65,1449,1451,time,0號
65,1483,1485,time,0號
65,1573,1575,med_exam,69
66,27,30,time,這個月
66,253,255,time,前天
66,269,271,time,前天
66,288,290,name,齁阿
66,376,380,PRODUCT,PrEP
66,431,433,name,阿是
66,612,613,med_exam,兩
67,61,62,name,許
67,330,332,time,半年
67,389,391,med_exam,69
67,476,478,med_exam,10
67,678,679,name,王
67,881,882,name,王
67,895,898,med_exam,360
67,920,921,med_exam,兩
67,925,927,ORDINAL,第一
67,1001,1003,ORDINAL,第二
67,1066,1069,time,這個月
67,1081,1084,time,下個月
67,1093,1097,time,120天
67,1113,1116,time,三個月
67,1120,1121,med_exam,一
67,1204,1207,time,禮拜三
67,1208,1211,time,禮拜五
67,1212,1213,med_exam,兩
67,1223,1224,name,王
67,1236,1237,name,王
67,1240,1243,time,禮拜三
67,1244,1246,time,下午
67,1247,1253,time,禮拜五的早上
67,1265,1266,med_exam,兩
67,1290,1293,time,禮拜二
67,1300,1303,time,禮拜二
67,1313,1316,time,禮拜二
67,1333,1336,time,28天
67,1366,1369,time,禮拜三
67,1385,1392,time,這個月的禮拜三
67,1412,1415,time,禮拜五
67,1416,1418,time,當週
67,1419,1422,time,禮拜五
67,1449,1451,time,下週
67,1452,1455,time,禮拜五
67,1464,1467,time,28天
67,1478,1480,med_exam,28
67,1543,1545,ORG,中央
67,1547,1549,ORG,中央
67,1599,1602,time,28天
68,10,13,time,一個月
68,31,33,time,今天
68,43,45,time,晚上
68,52,54,time,晚上
68,140,142,name,恩亨
68,196,197,med_exam,兩
68,215,217,name,恩亨
68,218,220,name,恩亨
68,256,258,med_exam,一次
68,279,281,name,恩亨
68,336,338,name,恩亨
68,374,376,name,恩亨
68,453,455,name,恩亨
68,683,685,time,早上
68,695,697,time,今天
68,730,733,time,下個月
69,362,365,time,這個月
69,494,495,med_exam,三
69,901,903,name,阿，
69,1056,1059,time,前兩天
69,1063,1066,time,前一天
69,1101,1102,med_exam,兩
69,1124,1126,time,隔天
69,1239,1242,time,前一天
69,1248,1250,time,今天
69,1251,1255,time,9月10
69,1282,1286,time,今天晚上
69,1320,1324,time,5、6點
69,1337,1339,time,6點
69,1342,1344,time,6點
69,1373,1377,time,兩個小時
69,1384,1385,med_exam,兩
69,1390,1394,time,兩個小時
69,1396,1397,med_exam,兩
69,1407,1410,time,11號
69,1414,1417,ORDINAL,第一次
69,1426,1428,time,4點
69,1432,1437,time,12號4點
69,1487,1489,time,當天
69,1518,1521,time,前一天
69,1529,1532,time,前一天
69,1563,1569,time,2到24小時
69,1597,1601,time,9月8號
69,1609,1610,med_exam,6
69,1634,1636,time,7點
69,1639,1641,time,4點
69,1643,1647,time,隔天4點
69,1676,1681,time,前兩個小時
69,1685,1686,med_exam,兩
69,1702,1704,time,隔天
69,1708,1709,med_exam,一
69,1715,1718,ORDINAL,第一次
69,1800,1803,time,前一天
69,1804,1805,med_exam,兩
69,1817,1818,med_exam,兩
69,1828,1829,med_exam,一
69,1831,1832,med_exam,一
69,1834,1836,time,三天
